{ "same_interests": 12.779379157427938, "attractive": 36.187361419068736, "ambitious": 8.590909090909092, "sincerity": 10.411308203991132, "fun": 18.199556541019955, "intelligence": 14.452328159645234 }
