{"attractive": 34.540084388185655, "same_interests": 9.253164556962025, "ambitious": 6.713080168776371, "sincerity": 13.459915611814345, "fun": 17.464135021097047, "intelligence": 18.991561181434598}