{"ambitious": 12.080252479711453, "fun": 17.151487826871055, "same_interests": 12.259693417493237, "attractive": 18.90862639014127, "sincerity": 18.493838292756237, "intelligence": 21.706041478809738}