{"attractive": 38.86204837264855, "same_interests": 12.03762317109585, "ambitious": 8.303672738130786, "sincerity": 10.416840848014333, "fun": 18.591519856673635, "intelligence": 12.008659301283965}