{"ambitious": 7.488289356655796, "fun": 17.706789208419803, "same_interests": 10.251704713904536, "attractive": 29.271271864808774, "sincerity": 16.322561517936556, "intelligence": 19.66735843462793}