{"attractive": 21.51644736842105, "same_interests": 13.154605263157896, "ambitious": 11.973684210526315, "sincerity": 16.875, "fun": 16.30592105263158, "intelligence": 19.94407894736842}